id,name,email,registration_date,country
1,Charlie Garcia,charlie.garcia@example.com,2023-05-27,Spain
2,Frank Jones,frank.jones@example.com,2025-07-11,Germany
3,Diana Brown,diana.brown@example.com,2024-02-27,Portugal
4,Bob Davis,bob.davis@example.com,2023-12-05,Spain
5,Charlie Jones,charlie.jones@example.com,2023-12-30,Portugal
6,Diana Smith,diana.smith@example.com,2023-10-11,Germany
7,Ivy Davis,ivy.davis@example.com,2023-02-03,UK
8,Frank Davis,frank.davis@example.com,2023-10-27,UK
9,Frank Smith,frank.smith@example.com,2023-03-16,France
10,Grace Garcia,grace.garcia@example.com,2024-08-21,UK
11,Eve Smith,eve.smith@example.com,2025-03-05,Portugal
12,Jack Johnson,jack.johnson@example.com,2025-03-23,Spain
13,Alice Brown,alice.brown@example.com,2025-06-01,Portugal
14,Alice Williams,alice.williams@example.com,2025-03-22,France
15,Frank Johnson,frank.johnson@example.com,2024-03-12,Spain
16,Jack Williams,jack.williams@example.com,2024-12-26,UK
17,Jack Johnson,jack.johnson@example.com,2024-03-23,Germany
18,Diana Jones,diana.jones@example.com,2025-01-19,Italy
19,Jack Johnson,jack.johnson@example.com,2023-04-06,France
20,Bob Smith,bob.smith@example.com,2025-06-08,France
21,Grace Smith,grace.smith@example.com,2023-04-10,Italy
22,Hugo Johnson,hugo.johnson@example.com,2025-08-04,Spain
23,Jack Davis,jack.davis@example.com,2025-05-29,Germany
24,Bob Johnson,bob.johnson@example.com,2025-07-06,Portugal
25,Eve Garcia,eve.garcia@example.com,2023-12-15,Italy
26,Charlie Garcia,charlie.garcia@example.com,2023-07-07,Germany
27,Grace Miller,grace.miller@example.com,2025-08-22,UK
28,Frank Smith,frank.smith@example.com,2025-06-07,Portugal
29,Ivy Davis,ivy.davis@example.com,2024-03-12,France
30,Bob Garcia,bob.garcia@example.com,2024-07-01,Germany
31,Hugo Garcia,hugo.garcia@example.com,2024-11-24,Portugal
32,Ivy Jones,ivy.jones@example.com,2024-04-17,Germany
33,Hugo Williams,hugo.williams@example.com,2023-12-25,Italy
34,Bob Jones,bob.jones@example.com,2024-12-27,Germany
35,Frank Johnson,frank.johnson@example.com,2024-11-17,France
36,Charlie Jones,charlie.jones@example.com,2023-02-19,Portugal
37,Eve Jones,eve.jones@example.com,2024-10-20,Portugal
38,Diana Jones,diana.jones@example.com,2023-07-30,Spain
39,Grace Brown,grace.brown@example.com,2023-08-16,Germany
40,Frank Williams,frank.williams@example.com,2024-02-25,Italy
41,Jack Smith,jack.smith@example.com,2024-04-09,Germany
42,Hugo Brown,hugo.brown@example.com,2023-08-21,Spain
43,Jack Smith,jack.smith@example.com,2024-05-30,Portugal
44,Eve Garcia,eve.garcia@example.com,2024-06-06,Portugal
45,Diana Brown,diana.brown@example.com,2024-01-10,UK
46,Frank Garcia,frank.garcia@example.com,2025-03-27,Portugal
47,Jack Garcia,jack.garcia@example.com,2025-03-26,France
48,Grace Davis,grace.davis@example.com,2024-01-28,Spain
49,Diana Jones,diana.jones@example.com,2023-06-13,Portugal
50,Jack Miller,jack.miller@example.com,2025-07-22,Italy
51,Frank Garcia,frank.garcia@example.com,2025-02-06,UK
52,Ivy Miller,ivy.miller@example.com,2024-05-06,UK
53,Bob Garcia,bob.garcia@example.com,2024-10-25,Spain
54,Eve Williams,eve.williams@example.com,2025-04-01,UK
55,Eve Smith,eve.smith@example.com,2025-06-25,Portugal
56,Grace Miller,grace.miller@example.com,2025-08-25,Spain
57,Alice Garcia,alice.garcia@example.com,2024-05-03,Portugal
58,Bob Johnson,bob.johnson@example.com,2025-06-10,France
59,Jack Davis,jack.davis@example.com,2025-07-05,Italy
60,Frank Johnson,frank.johnson@example.com,2023-05-17,Italy
61,Eve Miller,eve.miller@example.com,2025-09-15,Germany
62,Diana Brown,diana.brown@example.com,2025-09-24,Portugal
63,Hugo Davis,hugo.davis@example.com,2023-05-25,Portugal
64,Ivy Jones,ivy.jones@example.com,2024-11-16,Spain
65,Eve Garcia,eve.garcia@example.com,2025-09-13,Italy
66,Charlie Davis,charlie.davis@example.com,2023-02-06,Portugal
67,Hugo Johnson,hugo.johnson@example.com,2025-09-11,UK
68,Ivy Smith,ivy.smith@example.com,2024-05-08,France
69,Eve Garcia,eve.garcia@example.com,2024-10-15,Spain
70,Eve Jones,eve.jones@example.com,2025-01-13,Portugal
71,Bob Johnson,bob.johnson@example.com,2023-04-15,Portugal
72,Alice Jones,alice.jones@example.com,2023-05-24,Spain
73,Bob Smith,bob.smith@example.com,2023-04-11,Germany
74,Ivy Johnson,ivy.johnson@example.com,2024-01-07,Spain
75,Charlie Smith,charlie.smith@example.com,2025-04-09,UK
76,Ivy Williams,ivy.williams@example.com,2023-07-14,Germany
77,Alice Jones,alice.jones@example.com,2024-04-17,France
78,Ivy Brown,ivy.brown@example.com,2024-07-15,UK
79,Hugo Miller,hugo.miller@example.com,2023-06-10,France
80,Diana Williams,diana.williams@example.com,2023-07-13,France
81,Diana Miller,diana.miller@example.com,2023-12-05,Germany
82,Ivy Jones,ivy.jones@example.com,2024-01-30,Spain
83,Eve Williams,eve.williams@example.com,2025-10-21,France
84,Alice Garcia,alice.garcia@example.com,2025-02-24,Italy
85,Grace Miller,grace.miller@example.com,2024-08-02,Portugal
86,Diana Smith,diana.smith@example.com,2023-03-13,UK
87,Diana Davis,diana.davis@example.com,2024-10-06,Germany
88,Hugo Davis,hugo.davis@example.com,2024-05-29,Italy
89,Frank Smith,frank.smith@example.com,2023-06-10,Portugal
90,Charlie Davis,charlie.davis@example.com,2024-02-23,Germany
91,Bob Brown,bob.brown@example.com,2025-05-01,UK
92,Hugo Williams,hugo.williams@example.com,2024-06-01,Italy
93,Eve Garcia,eve.garcia@example.com,2023-10-24,France
94,Ivy Williams,ivy.williams@example.com,2023-02-21,Spain
95,Diana Smith,diana.smith@example.com,2025-01-01,UK
96,Jack Garcia,jack.garcia@example.com,2024-11-27,Spain
97,Charlie Brown,charlie.brown@example.com,2025-08-31,UK
98,Diana Williams,diana.williams@example.com,2024-04-18,Portugal
99,Hugo Brown,hugo.brown@example.com,2025-09-06,UK
100,Eve Johnson,eve.johnson@example.com,2025-08-12,France
101,Jack Smith,jack.smith@example.com,2024-07-27,Portugal
102,Alice Garcia,alice.garcia@example.com,2024-09-26,UK
103,Grace Brown,grace.brown@example.com,2023-05-14,Portugal
104,Hugo Johnson,hugo.johnson@example.com,2023-08-14,Spain
105,Ivy Garcia,ivy.garcia@example.com,2023-08-19,Italy
106,Charlie Johnson,charlie.johnson@example.com,2024-02-18,Spain
107,Frank Smith,frank.smith@example.com,2024-11-04,Spain
108,Grace Brown,grace.brown@example.com,2023-09-04,Portugal
109,Bob Garcia,bob.garcia@example.com,2025-06-25,Spain
110,Bob Johnson,bob.johnson@example.com,2025-04-11,Italy
111,Grace Garcia,grace.garcia@example.com,2023-04-10,Spain
112,Jack Garcia,jack.garcia@example.com,2025-10-10,Italy
113,Jack Davis,jack.davis@example.com,2023-10-30,Italy
114,Frank Davis,frank.davis@example.com,2024-08-09,Italy
115,Alice Brown,alice.brown@example.com,2024-12-31,Germany
116,Ivy Garcia,ivy.garcia@example.com,2023-07-16,Spain
117,Charlie Jones,charlie.jones@example.com,2024-03-18,Italy
118,Hugo Williams,hugo.williams@example.com,2025-06-22,Italy
119,Diana Williams,diana.williams@example.com,2023-07-22,Portugal
120,Alice Johnson,alice.johnson@example.com,2023-08-17,UK
121,Jack Miller,jack.miller@example.com,2023-06-16,Portugal
122,Alice Garcia,alice.garcia@example.com,2023-09-18,Spain
123,Bob Miller,bob.miller@example.com,2023-08-20,Portugal
124,Ivy Smith,ivy.smith@example.com,2024-05-22,Germany
125,Charlie Williams,charlie.williams@example.com,2023-08-04,France
126,Hugo Brown,hugo.brown@example.com,2025-07-17,Germany
127,Ivy Williams,ivy.williams@example.com,2023-02-22,Germany
128,Eve Williams,eve.williams@example.com,2023-04-08,Germany
129,Hugo Jones,hugo.jones@example.com,2024-10-13,France
130,Eve Garcia,eve.garcia@example.com,2023-05-28,Italy
131,Alice Smith,alice.smith@example.com,2023-03-29,Germany
132,Bob Miller,bob.miller@example.com,2023-03-25,UK
133,Grace Miller,grace.miller@example.com,2025-10-02,UK
134,Eve Davis,eve.davis@example.com,2024-03-13,Spain
135,Charlie Davis,charlie.davis@example.com,2024-04-05,France
136,Charlie Williams,charlie.williams@example.com,2025-10-18,UK
137,Alice Garcia,alice.garcia@example.com,2024-07-03,France
138,Diana Jones,diana.jones@example.com,2024-03-10,UK
139,Grace Brown,grace.brown@example.com,2025-03-08,Spain
140,Charlie Garcia,charlie.garcia@example.com,2025-07-29,Portugal
141,Alice Smith,alice.smith@example.com,2023-02-11,Portugal
142,Jack Brown,jack.brown@example.com,2025-05-13,France
143,Charlie Williams,charlie.williams@example.com,2025-05-05,Germany
144,Charlie Davis,charlie.davis@example.com,2025-08-21,Italy
145,Charlie Garcia,charlie.garcia@example.com,2023-06-19,Italy
146,Hugo Johnson,hugo.johnson@example.com,2025-06-13,Italy
147,Diana Miller,diana.miller@example.com,2024-08-28,Spain
148,Charlie Garcia,charlie.garcia@example.com,2025-09-15,Italy
149,Grace Garcia,grace.garcia@example.com,2024-11-19,France
150,Diana Davis,diana.davis@example.com,2025-02-16,France
151,Charlie Williams,charlie.williams@example.com,2023-05-27,Italy
152,Eve Miller,eve.miller@example.com,2024-09-11,UK
153,Eve Smith,eve.smith@example.com,2025-01-07,Portugal
154,Hugo Smith,hugo.smith@example.com,2024-02-03,Spain
155,Eve Johnson,eve.johnson@example.com,2025-09-20,France
156,Bob Williams,bob.williams@example.com,2025-08-19,Italy
157,Grace Davis,grace.davis@example.com,2023-08-08,France
158,Hugo Brown,hugo.brown@example.com,2023-10-14,France
159,Diana Garcia,diana.garcia@example.com,2025-08-29,Italy
160,Hugo Jones,hugo.jones@example.com,2023-09-10,France
161,Ivy Davis,ivy.davis@example.com,2024-04-27,Germany
162,Grace Miller,grace.miller@example.com,2024-12-21,Spain
163,Ivy Davis,ivy.davis@example.com,2025-02-24,Italy
164,Jack Brown,jack.brown@example.com,2025-01-28,Germany
165,Jack Johnson,jack.johnson@example.com,2025-05-26,Spain
166,Diana Smith,diana.smith@example.com,2023-08-16,France
167,Ivy Miller,ivy.miller@example.com,2025-08-01,Germany
168,Bob Brown,bob.brown@example.com,2024-10-10,UK
169,Alice Johnson,alice.johnson@example.com,2024-06-17,Spain
170,Frank Garcia,frank.garcia@example.com,2023-02-02,Spain
171,Grace Jones,grace.jones@example.com,2023-12-01,Germany
172,Eve Davis,eve.davis@example.com,2023-03-30,Italy
173,Ivy Davis,ivy.davis@example.com,2025-04-30,Germany
174,Hugo Jones,hugo.jones@example.com,2025-07-31,Italy
175,Jack Garcia,jack.garcia@example.com,2025-01-09,UK
176,Ivy Garcia,ivy.garcia@example.com,2024-09-05,Spain
177,Eve Williams,eve.williams@example.com,2025-06-20,UK
178,Grace Jones,grace.jones@example.com,2023-04-10,Spain
179,Jack Smith,jack.smith@example.com,2023-06-26,Spain
180,Ivy Williams,ivy.williams@example.com,2024-09-17,UK
181,Eve Smith,eve.smith@example.com,2023-07-16,Portugal
182,Grace Johnson,grace.johnson@example.com,2024-10-14,Italy
183,Eve Davis,eve.davis@example.com,2023-06-28,Portugal
184,Grace Miller,grace.miller@example.com,2024-06-16,Italy
185,Grace Garcia,grace.garcia@example.com,2025-09-29,Italy
186,Ivy Williams,ivy.williams@example.com,2023-11-23,UK
187,Eve Jones,eve.jones@example.com,2023-04-05,Italy
188,Eve Johnson,eve.johnson@example.com,2025-04-26,Portugal
189,Diana Davis,diana.davis@example.com,2025-03-14,Italy
190,Jack Jones,jack.jones@example.com,2023-02-25,Italy
191,Ivy Garcia,ivy.garcia@example.com,2024-03-23,Portugal
192,Diana Garcia,diana.garcia@example.com,2025-06-29,UK
193,Ivy Garcia,ivy.garcia@example.com,2023-07-09,Spain
194,Jack Garcia,jack.garcia@example.com,2024-01-10,Italy
195,Frank Garcia,frank.garcia@example.com,2023-12-11,Italy
196,Bob Garcia,bob.garcia@example.com,2025-10-02,France
197,Frank Garcia,frank.garcia@example.com,2023-04-10,Germany
198,Frank Brown,frank.brown@example.com,2024-03-14,France
199,Bob Brown,bob.brown@example.com,2023-11-28,UK
200,Ivy Williams,ivy.williams@example.com,2023-02-17,Portugal
201,Jack Brown,jack.brown@example.com,2025-09-22,UK
202,Jack Miller,jack.miller@example.com,2025-08-05,Spain
203,Bob Smith,bob.smith@example.com,2024-10-16,Spain
204,Frank Miller,frank.miller@example.com,2024-04-20,Portugal
205,Grace Jones,grace.jones@example.com,2025-01-30,Spain
206,Ivy Garcia,ivy.garcia@example.com,2024-05-08,Portugal
207,Charlie Davis,charlie.davis@example.com,2023-03-01,Portugal
208,Jack Smith,jack.smith@example.com,2023-05-19,Spain
209,Charlie Johnson,charlie.johnson@example.com,2024-12-26,UK
210,Hugo Miller,hugo.miller@example.com,2025-07-27,Italy
211,Alice Garcia,alice.garcia@example.com,2025-02-22,Germany
212,Charlie Johnson,charlie.johnson@example.com,2024-05-28,UK
213,Grace Brown,grace.brown@example.com,2024-03-19,Portugal
214,Hugo Brown,hugo.brown@example.com,2023-07-28,Spain
215,Alice Williams,alice.williams@example.com,2025-10-17,Italy
216,Alice Davis,alice.davis@example.com,2025-03-13,Spain
217,Ivy Davis,ivy.davis@example.com,2023-04-23,France
218,Charlie Garcia,charlie.garcia@example.com,2024-12-10,UK
219,Bob Williams,bob.williams@example.com,2025-09-24,UK
220,Eve Williams,eve.williams@example.com,2025-03-08,France
221,Ivy Garcia,ivy.garcia@example.com,2023-05-13,Spain
222,Diana Davis,diana.davis@example.com,2025-09-12,France
223,Frank Miller,frank.miller@example.com,2023-02-07,UK
224,Diana Jones,diana.jones@example.com,2025-10-20,France
225,Ivy Garcia,ivy.garcia@example.com,2024-07-13,Spain
226,Grace Garcia,grace.garcia@example.com,2024-01-20,Germany
227,Bob Jones,bob.jones@example.com,2023-02-11,Germany
228,Alice Brown,alice.brown@example.com,2024-01-02,France
229,Diana Davis,diana.davis@example.com,2025-07-02,UK
230,Jack Jones,jack.jones@example.com,2024-08-03,Germany
231,Frank Smith,frank.smith@example.com,2023-02-26,Portugal
232,Bob Johnson,bob.johnson@example.com,2024-08-08,Portugal
233,Ivy Johnson,ivy.johnson@example.com,2023-02-09,France
234,Charlie Williams,charlie.williams@example.com,2025-07-23,Germany
235,Jack Garcia,jack.garcia@example.com,2025-08-16,Spain
236,Ivy Smith,ivy.smith@example.com,2023-02-07,Portugal
237,Diana Williams,diana.williams@example.com,2024-08-29,Spain
238,Hugo Jones,hugo.jones@example.com,2023-11-19,Spain
239,Diana Miller,diana.miller@example.com,2023-04-26,Germany
240,Jack Williams,jack.williams@example.com,2025-05-06,UK
241,Alice Jones,alice.jones@example.com,2024-08-13,Portugal
242,Eve Brown,eve.brown@example.com,2023-05-04,Germany
243,Frank Johnson,frank.johnson@example.com,2024-02-19,Germany
244,Eve Davis,eve.davis@example.com,2024-11-27,Germany
245,Ivy Jones,ivy.jones@example.com,2023-10-14,Italy
246,Diana Williams,diana.williams@example.com,2024-07-30,France
247,Jack Smith,jack.smith@example.com,2023-06-29,UK
248,Alice Williams,alice.williams@example.com,2024-09-16,Portugal
249,Jack Jones,jack.jones@example.com,2025-07-29,France
250,Eve Davis,eve.davis@example.com,2024-12-12,France
251,Grace Garcia,grace.garcia@example.com,2023-11-13,Germany
252,Diana Miller,diana.miller@example.com,2025-09-26,UK
253,Charlie Miller,charlie.miller@example.com,2023-02-05,Portugal
254,Grace Jones,grace.jones@example.com,2023-03-20,France
255,Ivy Miller,ivy.miller@example.com,2023-10-07,UK
256,Jack Jones,jack.jones@example.com,2023-07-18,Italy
257,Eve Smith,eve.smith@example.com,2025-05-31,Germany
258,Jack Williams,jack.williams@example.com,2025-04-25,UK
259,Frank Garcia,frank.garcia@example.com,2023-03-31,UK
260,Charlie Davis,charlie.davis@example.com,2024-05-24,Italy
261,Ivy Smith,ivy.smith@example.com,2023-03-10,Germany
262,Grace Jones,grace.jones@example.com,2024-04-24,Portugal
263,Ivy Johnson,ivy.johnson@example.com,2023-07-28,Portugal
264,Jack Garcia,jack.garcia@example.com,2023-11-22,Portugal
265,Ivy Smith,ivy.smith@example.com,2024-06-15,Spain
266,Eve Davis,eve.davis@example.com,2024-01-20,Spain
267,Jack Williams,jack.williams@example.com,2023-04-19,France
268,Hugo Davis,hugo.davis@example.com,2025-01-28,UK
269,Hugo Brown,hugo.brown@example.com,2025-09-14,Portugal
270,Bob Jones,bob.jones@example.com,2025-10-03,Germany
271,Diana Garcia,diana.garcia@example.com,2025-04-01,Spain
272,Frank Smith,frank.smith@example.com,2024-03-17,Germany
273,Diana Williams,diana.williams@example.com,2025-03-07,UK
274,Hugo Johnson,hugo.johnson@example.com,2025-10-04,Portugal
275,Frank Miller,frank.miller@example.com,2025-09-25,Portugal
276,Jack Miller,jack.miller@example.com,2025-02-09,France
277,Charlie Davis,charlie.davis@example.com,2025-01-10,Spain
278,Bob Jones,bob.jones@example.com,2024-07-26,France
279,Bob Miller,bob.miller@example.com,2023-07-09,Portugal
280,Charlie Williams,charlie.williams@example.com,2024-07-15,Germany
281,Jack Jones,jack.jones@example.com,2025-06-30,Germany
282,Hugo Smith,hugo.smith@example.com,2025-05-15,UK
283,Ivy Davis,ivy.davis@example.com,2024-08-17,Spain
284,Diana Jones,diana.jones@example.com,2025-09-17,Germany
285,Alice Jones,alice.jones@example.com,2025-03-12,Spain
286,Ivy Williams,ivy.williams@example.com,2023-03-18,UK
287,Hugo Davis,hugo.davis@example.com,2023-12-18,Germany
288,Charlie Miller,charlie.miller@example.com,2023-09-09,Italy
289,Jack Davis,jack.davis@example.com,2025-04-10,Portugal
290,Bob Williams,bob.williams@example.com,2023-03-19,UK
291,Diana Jones,diana.jones@example.com,2024-11-16,Portugal
292,Diana Brown,diana.brown@example.com,2024-12-27,Portugal
293,Charlie Johnson,charlie.johnson@example.com,2025-01-20,Portugal
294,Ivy Jones,ivy.jones@example.com,2023-10-09,Germany
295,Grace Johnson,grace.johnson@example.com,2024-10-11,Spain
296,Diana Johnson,diana.johnson@example.com,2024-07-12,Germany
297,Frank Miller,frank.miller@example.com,2023-06-02,UK
298,Diana Miller,diana.miller@example.com,2024-08-13,Germany
299,Grace Garcia,grace.garcia@example.com,2024-09-23,Germany
300,Hugo Williams,hugo.williams@example.com,2025-05-22,Germany
301,Hugo Johnson,hugo.johnson@example.com,2025-08-03,UK
302,Alice Brown,alice.brown@example.com,2023-10-15,UK
303,Hugo Miller,hugo.miller@example.com,2023-03-09,France
304,Diana Brown,diana.brown@example.com,2025-09-25,France
305,Charlie Smith,charlie.smith@example.com,2025-04-06,France
306,Jack Johnson,jack.johnson@example.com,2024-09-05,UK
307,Ivy Davis,ivy.davis@example.com,2023-07-16,Spain
308,Eve Davis,eve.davis@example.com,2024-12-16,Germany
309,Eve Johnson,eve.johnson@example.com,2025-06-19,Germany
310,Alice Jones,alice.jones@example.com,2024-12-12,Germany
311,Charlie Garcia,charlie.garcia@example.com,2024-11-11,Germany
312,Diana Brown,diana.brown@example.com,2025-06-26,France
313,Eve Johnson,eve.johnson@example.com,2024-03-22,France
314,Jack Johnson,jack.johnson@example.com,2025-01-11,France
315,Jack Williams,jack.williams@example.com,2025-05-18,Germany
316,Grace Garcia,grace.garcia@example.com,2024-05-03,Italy
317,Diana Brown,diana.brown@example.com,2024-08-11,Germany
318,Grace Brown,grace.brown@example.com,2024-06-22,Portugal
319,Hugo Johnson,hugo.johnson@example.com,2023-03-22,Spain
320,Eve Johnson,eve.johnson@example.com,2025-05-24,Germany
321,Hugo Davis,hugo.davis@example.com,2024-08-29,Italy
322,Hugo Williams,hugo.williams@example.com,2024-12-30,UK
323,Diana Johnson,diana.johnson@example.com,2023-03-16,Germany
324,Hugo Jones,hugo.jones@example.com,2025-03-25,Germany
325,Jack Brown,jack.brown@example.com,2024-02-13,Germany
326,Ivy Garcia,ivy.garcia@example.com,2023-09-19,UK
327,Frank Jones,frank.jones@example.com,2025-03-26,Portugal
328,Alice Garcia,alice.garcia@example.com,2025-04-14,Italy
329,Ivy Williams,ivy.williams@example.com,2023-07-23,France
330,Charlie Brown,charlie.brown@example.com,2024-06-05,Portugal
331,Ivy Williams,ivy.williams@example.com,2025-08-13,Italy
332,Ivy Jones,ivy.jones@example.com,2024-12-17,Portugal
333,Bob Jones,bob.jones@example.com,2023-07-09,France
334,Eve Garcia,eve.garcia@example.com,2024-10-18,France
335,Alice Jones,alice.jones@example.com,2024-12-25,France
336,Alice Garcia,alice.garcia@example.com,2025-08-23,Portugal
337,Frank Smith,frank.smith@example.com,2025-06-15,Spain
338,Hugo Smith,hugo.smith@example.com,2025-05-30,France
339,Ivy Williams,ivy.williams@example.com,2025-05-11,Spain
340,Bob Smith,bob.smith@example.com,2023-03-12,France
341,Frank Johnson,frank.johnson@example.com,2024-06-26,France
342,Alice Williams,alice.williams@example.com,2024-12-21,Italy
343,Diana Williams,diana.williams@example.com,2024-10-20,Italy
344,Frank Smith,frank.smith@example.com,2023-03-17,France
345,Eve Garcia,eve.garcia@example.com,2024-07-05,France
346,Ivy Garcia,ivy.garcia@example.com,2024-01-16,France
347,Frank Jones,frank.jones@example.com,2025-08-28,Italy
348,Charlie Miller,charlie.miller@example.com,2025-03-25,Portugal
349,Diana Brown,diana.brown@example.com,2024-07-09,Italy
350,Bob Smith,bob.smith@example.com,2024-08-04,Portugal
351,Eve Brown,eve.brown@example.com,2023-12-31,Italy
352,Diana Smith,diana.smith@example.com,2023-03-30,Germany
353,Hugo Williams,hugo.williams@example.com,2025-05-11,UK
354,Alice Garcia,alice.garcia@example.com,2025-09-15,Spain
355,Ivy Johnson,ivy.johnson@example.com,2025-03-17,Germany
356,Diana Brown,diana.brown@example.com,2024-03-15,Italy
357,Bob Davis,bob.davis@example.com,2025-03-01,Portugal
358,Eve Williams,eve.williams@example.com,2023-02-28,France
359,Diana Williams,diana.williams@example.com,2023-12-23,Spain
360,Alice Davis,alice.davis@example.com,2023-04-22,France
361,Diana Brown,diana.brown@example.com,2025-08-18,Spain
362,Eve Garcia,eve.garcia@example.com,2023-08-22,Portugal
363,Charlie Brown,charlie.brown@example.com,2023-09-19,Portugal
364,Charlie Williams,charlie.williams@example.com,2024-09-12,Portugal
365,Hugo Jones,hugo.jones@example.com,2023-02-10,Italy
366,Jack Williams,jack.williams@example.com,2025-05-05,Italy
367,Jack Garcia,jack.garcia@example.com,2023-04-26,Portugal
368,Jack Johnson,jack.johnson@example.com,2025-01-09,Italy
369,Diana Garcia,diana.garcia@example.com,2025-02-15,UK
370,Jack Smith,jack.smith@example.com,2024-03-11,Italy
371,Ivy Brown,ivy.brown@example.com,2023-12-27,Spain
372,Diana Smith,diana.smith@example.com,2024-09-22,UK
373,Alice Garcia,alice.garcia@example.com,2023-02-13,Italy
374,Alice Smith,alice.smith@example.com,2025-08-03,France
375,Jack Brown,jack.brown@example.com,2024-07-09,Germany
376,Diana Brown,diana.brown@example.com,2024-01-25,Portugal
377,Hugo Johnson,hugo.johnson@example.com,2024-04-14,Spain
378,Frank Miller,frank.miller@example.com,2023-04-09,UK
379,Alice Jones,alice.jones@example.com,2025-06-25,Portugal
380,Jack Miller,jack.miller@example.com,2023-11-30,Italy
381,Grace Williams,grace.williams@example.com,2023-10-26,Italy
382,Diana Jones,diana.jones@example.com,2023-05-16,Spain
383,Diana Brown,diana.brown@example.com,2024-06-13,Italy
384,Charlie Garcia,charlie.garcia@example.com,2023-12-14,Portugal
385,Eve Miller,eve.miller@example.com,2024-09-30,Portugal
386,Charlie Jones,charlie.jones@example.com,2024-01-24,Italy
387,Frank Jones,frank.jones@example.com,2024-05-09,France
388,Ivy Garcia,ivy.garcia@example.com,2023-09-30,France
389,Grace Miller,grace.miller@example.com,2024-05-10,Portugal
390,Diana Smith,diana.smith@example.com,2023-04-26,Germany
391,Bob Smith,bob.smith@example.com,2023-12-04,Italy
392,Alice Jones,alice.jones@example.com,2023-04-29,Italy
393,Hugo Johnson,hugo.johnson@example.com,2024-01-25,France
394,Hugo Garcia,hugo.garcia@example.com,2023-04-19,Germany
395,Eve Miller,eve.miller@example.com,2024-11-18,France
396,Grace Williams,grace.williams@example.com,2023-06-01,Germany
397,Grace Jones,grace.jones@example.com,2024-11-13,Germany
398,Frank Brown,frank.brown@example.com,2023-10-29,Portugal
399,Eve Smith,eve.smith@example.com,2024-03-04,France
400,Bob Brown,bob.brown@example.com,2024-02-04,UK
401,Hugo Williams,hugo.williams@example.com,2025-09-10,Italy
402,Diana Davis,diana.davis@example.com,2024-12-13,Italy
403,Jack Jones,jack.jones@example.com,2024-09-25,Spain
404,Jack Davis,jack.davis@example.com,2025-01-16,Germany
405,Grace Johnson,grace.johnson@example.com,2024-06-04,France
406,Hugo Smith,hugo.smith@example.com,2023-02-16,Spain
407,Frank Jones,frank.jones@example.com,2023-03-25,UK
408,Charlie Jones,charlie.jones@example.com,2023-02-26,Spain
409,Ivy Miller,ivy.miller@example.com,2023-07-05,Portugal
410,Frank Jones,frank.jones@example.com,2025-10-14,France
411,Alice Smith,alice.smith@example.com,2024-07-07,Italy
412,Ivy Williams,ivy.williams@example.com,2025-09-25,Germany
413,Jack Smith,jack.smith@example.com,2023-02-15,France
414,Jack Smith,jack.smith@example.com,2023-12-14,Italy
415,Ivy Jones,ivy.jones@example.com,2024-03-09,France
416,Alice Williams,alice.williams@example.com,2025-05-23,Germany
417,Bob Miller,bob.miller@example.com,2023-02-18,Italy
418,Jack Smith,jack.smith@example.com,2024-03-15,France
419,Charlie Smith,charlie.smith@example.com,2023-03-31,Germany
420,Alice Brown,alice.brown@example.com,2023-05-27,Germany
421,Grace Davis,grace.davis@example.com,2024-11-16,Spain
422,Jack Garcia,jack.garcia@example.com,2025-01-07,Italy
423,Diana Smith,diana.smith@example.com,2023-04-07,Italy
424,Alice Brown,alice.brown@example.com,2024-11-06,Portugal
425,Charlie Brown,charlie.brown@example.com,2025-07-11,Germany
426,Charlie Brown,charlie.brown@example.com,2023-12-14,Italy
427,Ivy Smith,ivy.smith@example.com,2023-03-21,France
428,Eve Jones,eve.jones@example.com,2024-11-14,Italy
429,Alice Garcia,alice.garcia@example.com,2023-09-20,France
430,Grace Garcia,grace.garcia@example.com,2023-03-30,Germany
431,Frank Miller,frank.miller@example.com,2024-06-20,Italy
432,Alice Johnson,alice.johnson@example.com,2023-09-18,UK
433,Alice Johnson,alice.johnson@example.com,2025-05-17,France
434,Charlie Davis,charlie.davis@example.com,2024-10-05,France
435,Alice Davis,alice.davis@example.com,2023-01-29,Italy
436,Alice Garcia,alice.garcia@example.com,2023-09-18,Italy
437,Diana Brown,diana.brown@example.com,2023-03-04,Spain
438,Hugo Jones,hugo.jones@example.com,2025-03-30,Spain
439,Charlie Miller,charlie.miller@example.com,2023-04-04,Spain
440,Bob Johnson,bob.johnson@example.com,2025-09-03,UK
441,Ivy Brown,ivy.brown@example.com,2025-02-23,Germany
442,Eve Williams,eve.williams@example.com,2023-03-01,Spain
443,Diana Brown,diana.brown@example.com,2023-12-02,Spain
444,Diana Smith,diana.smith@example.com,2023-05-29,Germany
445,Frank Smith,frank.smith@example.com,2024-06-19,UK
446,Ivy Jones,ivy.jones@example.com,2025-06-12,France
447,Ivy Johnson,ivy.johnson@example.com,2025-06-28,Italy
448,Alice Smith,alice.smith@example.com,2024-10-10,UK
449,Grace Miller,grace.miller@example.com,2024-08-21,Spain
450,Grace Garcia,grace.garcia@example.com,2024-03-30,Italy
451,Ivy Jones,ivy.jones@example.com,2025-04-12,Spain
452,Alice Miller,alice.miller@example.com,2023-07-21,Germany
453,Charlie Williams,charlie.williams@example.com,2025-05-23,France
454,Bob Williams,bob.williams@example.com,2025-01-31,Germany
455,Frank Garcia,frank.garcia@example.com,2023-09-13,Portugal
456,Grace Garcia,grace.garcia@example.com,2024-04-10,Spain
457,Diana Davis,diana.davis@example.com,2023-06-13,Spain
458,Grace Brown,grace.brown@example.com,2024-10-10,UK
459,Eve Garcia,eve.garcia@example.com,2024-11-30,Spain
460,Bob Garcia,bob.garcia@example.com,2023-04-09,Italy
461,Grace Smith,grace.smith@example.com,2025-09-29,Italy
462,Frank Davis,frank.davis@example.com,2024-05-07,Spain
463,Alice Jones,alice.jones@example.com,2025-06-08,Portugal
464,Diana Davis,diana.davis@example.com,2023-07-06,France
465,Diana Jones,diana.jones@example.com,2025-07-07,France
466,Charlie Johnson,charlie.johnson@example.com,2025-04-11,France
467,Jack Williams,jack.williams@example.com,2025-07-18,France
468,Grace Garcia,grace.garcia@example.com,2023-07-03,Spain
469,Bob Brown,bob.brown@example.com,2025-08-19,Portugal
470,Diana Garcia,diana.garcia@example.com,2023-11-04,Spain
471,Hugo Johnson,hugo.johnson@example.com,2023-02-11,France
472,Diana Smith,diana.smith@example.com,2025-09-27,Spain
473,Ivy Davis,ivy.davis@example.com,2025-02-10,Portugal
474,Jack Davis,jack.davis@example.com,2025-09-28,France
475,Jack Jones,jack.jones@example.com,2023-11-03,France
476,Diana Davis,diana.davis@example.com,2025-05-23,Italy
477,Grace Miller,grace.miller@example.com,2024-07-28,Germany
478,Bob Davis,bob.davis@example.com,2024-11-28,Italy
479,Ivy Miller,ivy.miller@example.com,2024-07-10,Germany
480,Frank Jones,frank.jones@example.com,2025-02-08,Germany
481,Ivy Garcia,ivy.garcia@example.com,2025-10-07,Germany
482,Jack Davis,jack.davis@example.com,2025-06-03,Spain
483,Diana Brown,diana.brown@example.com,2025-09-07,Italy
484,Frank Garcia,frank.garcia@example.com,2023-09-20,France
485,Alice Davis,alice.davis@example.com,2024-04-06,UK
486,Jack Davis,jack.davis@example.com,2023-05-19,Germany
487,Ivy Garcia,ivy.garcia@example.com,2025-08-28,Spain
488,Grace Brown,grace.brown@example.com,2024-06-26,Spain
489,Ivy Garcia,ivy.garcia@example.com,2023-04-18,Italy
490,Ivy Brown,ivy.brown@example.com,2025-09-21,Germany
491,Alice Johnson,alice.johnson@example.com,2023-05-28,France
492,Hugo Davis,hugo.davis@example.com,2024-09-10,Portugal
493,Jack Smith,jack.smith@example.com,2023-05-24,Germany
494,Hugo Williams,hugo.williams@example.com,2024-05-26,Portugal
495,Frank Williams,frank.williams@example.com,2024-05-20,UK
496,Diana Smith,diana.smith@example.com,2024-09-08,Italy
497,Hugo Williams,hugo.williams@example.com,2025-09-05,France
498,Diana Smith,diana.smith@example.com,2023-04-16,Italy
499,Jack Miller,jack.miller@example.com,2025-05-11,Germany
500,Alice Davis,alice.davis@example.com,2023-02-18,Spain
501,Ivy Johnson,ivy.johnson@example.com,2025-10-22,Germany
502,Hugo Brown,hugo.brown@example.com,2025-02-17,Italy
503,Jack Garcia,jack.garcia@example.com,2024-08-22,UK
504,Jack Davis,jack.davis@example.com,2024-08-10,Portugal
505,Hugo Jones,hugo.jones@example.com,2024-07-09,Italy
506,Jack Miller,jack.miller@example.com,2025-08-19,UK
507,Hugo Davis,hugo.davis@example.com,2024-12-03,Italy
508,Frank Jones,frank.jones@example.com,2025-05-01,Germany
509,Jack Jones,jack.jones@example.com,2024-02-05,Italy
510,Ivy Smith,ivy.smith@example.com,2023-05-06,Germany
511,Ivy Davis,ivy.davis@example.com,2025-07-19,UK
512,Ivy Johnson,ivy.johnson@example.com,2023-03-27,Spain
513,Eve Miller,eve.miller@example.com,2024-12-21,Germany
514,Jack Smith,jack.smith@example.com,2024-07-19,Italy
515,Alice Brown,alice.brown@example.com,2025-07-03,Portugal
516,Hugo Smith,hugo.smith@example.com,2023-12-25,UK
517,Grace Smith,grace.smith@example.com,2025-04-29,Germany
518,Diana Jones,diana.jones@example.com,2023-12-21,France
519,Ivy Garcia,ivy.garcia@example.com,2024-03-09,Spain
520,Hugo Johnson,hugo.johnson@example.com,2023-02-23,France
521,Diana Brown,diana.brown@example.com,2025-02-15,France
522,Bob Jones,bob.jones@example.com,2024-05-25,Spain
523,Jack Smith,jack.smith@example.com,2024-04-29,Portugal
524,Eve Davis,eve.davis@example.com,2024-02-10,Portugal
525,Bob Brown,bob.brown@example.com,2024-09-08,Portugal
526,Charlie Brown,charlie.brown@example.com,2024-11-18,France
527,Bob Johnson,bob.johnson@example.com,2023-04-04,UK
528,Grace Garcia,grace.garcia@example.com,2025-09-03,France
529,Frank Garcia,frank.garcia@example.com,2024-12-25,Portugal
530,Bob Johnson,bob.johnson@example.com,2024-09-02,Spain
531,Frank Garcia,frank.garcia@example.com,2024-03-18,France
532,Jack Garcia,jack.garcia@example.com,2023-09-13,UK
533,Bob Brown,bob.brown@example.com,2023-02-27,France
534,Frank Miller,frank.miller@example.com,2023-11-20,Spain
535,Alice Smith,alice.smith@example.com,2023-08-26,UK
536,Eve Williams,eve.williams@example.com,2024-04-10,Italy
537,Diana Brown,diana.brown@example.com,2024-01-20,Italy
538,Bob Williams,bob.williams@example.com,2024-07-23,Italy
539,Frank Jones,frank.jones@example.com,2025-08-19,UK
540,Grace Miller,grace.miller@example.com,2025-06-28,Spain
541,Bob Smith,bob.smith@example.com,2023-08-05,Germany
542,Charlie Davis,charlie.davis@example.com,2023-11-14,Italy
543,Ivy Williams,ivy.williams@example.com,2024-12-07,UK
544,Frank Garcia,frank.garcia@example.com,2023-09-15,France
545,Diana Jones,diana.jones@example.com,2024-09-17,UK
546,Alice Williams,alice.williams@example.com,2024-10-09,Germany
547,Grace Davis,grace.davis@example.com,2024-09-02,UK
548,Bob Garcia,bob.garcia@example.com,2025-05-25,Germany
549,Grace Miller,grace.miller@example.com,2024-10-09,Italy
550,Grace Miller,grace.miller@example.com,2025-04-25,Italy
551,Bob Williams,bob.williams@example.com,2023-07-31,Portugal
552,Jack Miller,jack.miller@example.com,2025-03-12,Germany
553,Alice Garcia,alice.garcia@example.com,2024-08-19,UK
554,Diana Johnson,diana.johnson@example.com,2023-07-11,Germany
555,Charlie Davis,charlie.davis@example.com,2023-07-23,Germany
556,Bob Johnson,bob.johnson@example.com,2025-01-31,Spain
557,Grace Garcia,grace.garcia@example.com,2023-02-17,UK
558,Alice Garcia,alice.garcia@example.com,2024-10-18,Spain
559,Charlie Garcia,charlie.garcia@example.com,2024-06-21,UK
560,Eve Brown,eve.brown@example.com,2024-02-21,France
561,Diana Miller,diana.miller@example.com,2024-02-16,Spain
562,Alice Williams,alice.williams@example.com,2024-09-23,UK
563,Frank Smith,frank.smith@example.com,2024-07-30,UK
564,Jack Johnson,jack.johnson@example.com,2025-09-17,France
565,Eve Williams,eve.williams@example.com,2023-02-04,Spain
566,Diana Brown,diana.brown@example.com,2024-01-06,UK
567,Alice Jones,alice.jones@example.com,2023-08-31,Spain
568,Diana Miller,diana.miller@example.com,2024-04-02,Portugal
569,Alice Williams,alice.williams@example.com,2025-09-28,France
570,Hugo Johnson,hugo.johnson@example.com,2023-07-17,Italy
571,Hugo Garcia,hugo.garcia@example.com,2025-02-25,Italy
572,Ivy Brown,ivy.brown@example.com,2025-02-21,Germany
573,Eve Miller,eve.miller@example.com,2023-09-12,UK
574,Ivy Johnson,ivy.johnson@example.com,2023-11-14,Portugal
575,Grace Davis,grace.davis@example.com,2023-05-21,Portugal
576,Ivy Williams,ivy.williams@example.com,2025-01-20,UK
577,Charlie Johnson,charlie.johnson@example.com,2023-11-01,France
578,Eve Miller,eve.miller@example.com,2025-07-24,Germany
579,Charlie Williams,charlie.williams@example.com,2024-05-17,UK
580,Ivy Jones,ivy.jones@example.com,2023-12-16,Spain
581,Diana Miller,diana.miller@example.com,2023-08-12,Germany
582,Jack Jones,jack.jones@example.com,2023-08-13,Italy
583,Diana Davis,diana.davis@example.com,2023-10-05,Spain
584,Hugo Smith,hugo.smith@example.com,2025-09-02,UK
585,Eve Smith,eve.smith@example.com,2023-04-18,UK
586,Diana Johnson,diana.johnson@example.com,2024-10-19,France
587,Grace Garcia,grace.garcia@example.com,2024-06-15,Germany
588,Bob Davis,bob.davis@example.com,2024-10-28,France
589,Hugo Smith,hugo.smith@example.com,2024-03-03,France
590,Diana Jones,diana.jones@example.com,2025-09-28,Spain
591,Grace Williams,grace.williams@example.com,2024-02-27,UK
592,Eve Garcia,eve.garcia@example.com,2023-09-16,Portugal
593,Alice Garcia,alice.garcia@example.com,2024-09-10,France
594,Charlie Smith,charlie.smith@example.com,2024-09-10,Germany
595,Alice Jones,alice.jones@example.com,2025-02-06,UK
596,Bob Garcia,bob.garcia@example.com,2025-08-25,Italy
597,Bob Johnson,bob.johnson@example.com,2025-09-29,Portugal
598,Eve Garcia,eve.garcia@example.com,2024-02-25,Portugal
599,Frank Jones,frank.jones@example.com,2023-07-29,Italy
600,Eve Davis,eve.davis@example.com,2025-07-29,France
601,Bob Smith,bob.smith@example.com,2023-06-23,France
602,Bob Garcia,bob.garcia@example.com,2024-09-04,France
603,Grace Jones,grace.jones@example.com,2024-11-10,France
604,Diana Smith,diana.smith@example.com,2025-07-21,UK
605,Frank Williams,frank.williams@example.com,2024-04-04,France
606,Diana Davis,diana.davis@example.com,2025-10-19,Portugal
607,Ivy Garcia,ivy.garcia@example.com,2024-07-09,France
608,Hugo Jones,hugo.jones@example.com,2023-06-11,Spain
609,Charlie Jones,charlie.jones@example.com,2024-10-07,UK
610,Charlie Jones,charlie.jones@example.com,2023-09-22,France
611,Charlie Miller,charlie.miller@example.com,2025-04-28,UK
612,Bob Miller,bob.miller@example.com,2025-01-08,Germany
613,Ivy Williams,ivy.williams@example.com,2025-10-21,Portugal
614,Jack Garcia,jack.garcia@example.com,2024-07-19,Spain
615,Grace Davis,grace.davis@example.com,2024-12-22,Italy
616,Jack Johnson,jack.johnson@example.com,2023-08-06,Spain
617,Frank Smith,frank.smith@example.com,2025-03-26,France
618,Diana Smith,diana.smith@example.com,2024-06-09,Portugal
619,Charlie Davis,charlie.davis@example.com,2025-08-28,France
620,Bob Smith,bob.smith@example.com,2025-02-14,Portugal
621,Jack Williams,jack.williams@example.com,2025-04-04,Germany
622,Jack Smith,jack.smith@example.com,2023-11-19,Germany
623,Alice Brown,alice.brown@example.com,2025-08-22,UK
624,Hugo Jones,hugo.jones@example.com,2025-09-19,Germany
625,Hugo Miller,hugo.miller@example.com,2023-04-27,Portugal
626,Charlie Jones,charlie.jones@example.com,2023-10-06,Germany
627,Grace Davis,grace.davis@example.com,2025-03-07,Germany
628,Jack Johnson,jack.johnson@example.com,2025-09-21,Spain
629,Ivy Smith,ivy.smith@example.com,2024-08-09,France
630,Alice Brown,alice.brown@example.com,2025-04-10,UK
631,Alice Brown,alice.brown@example.com,2024-08-19,Spain
632,Grace Davis,grace.davis@example.com,2025-05-15,Italy
633,Eve Garcia,eve.garcia@example.com,2024-12-16,Spain
634,Alice Johnson,alice.johnson@example.com,2023-08-17,UK
635,Grace Brown,grace.brown@example.com,2023-04-27,Italy
636,Ivy Jones,ivy.jones@example.com,2024-05-06,Spain
637,Alice Smith,alice.smith@example.com,2024-06-18,Italy
638,Eve Smith,eve.smith@example.com,2023-10-10,UK
639,Charlie Garcia,charlie.garcia@example.com,2025-01-02,UK
640,Hugo Williams,hugo.williams@example.com,2024-06-11,France
641,Eve Brown,eve.brown@example.com,2023-06-08,Germany
642,Charlie Jones,charlie.jones@example.com,2023-10-12,Portugal
643,Frank Smith,frank.smith@example.com,2023-06-28,Germany
644,Eve Garcia,eve.garcia@example.com,2024-07-20,France
645,Bob Jones,bob.jones@example.com,2024-09-21,Portugal
646,Ivy Garcia,ivy.garcia@example.com,2023-07-28,Spain
647,Frank Davis,frank.davis@example.com,2025-01-01,Italy
648,Alice Johnson,alice.johnson@example.com,2023-12-06,Germany
649,Charlie Brown,charlie.brown@example.com,2025-04-23,Spain
650,Jack Davis,jack.davis@example.com,2023-12-23,Spain
651,Grace Williams,grace.williams@example.com,2024-03-16,France
652,Alice Jones,alice.jones@example.com,2024-11-04,UK
653,Bob Jones,bob.jones@example.com,2025-04-06,France
654,Alice Miller,alice.miller@example.com,2025-03-29,France
655,Grace Garcia,grace.garcia@example.com,2023-06-03,Portugal
656,Hugo Johnson,hugo.johnson@example.com,2023-08-20,UK
657,Bob Garcia,bob.garcia@example.com,2024-09-18,Spain
658,Charlie Jones,charlie.jones@example.com,2023-04-25,Portugal
659,Diana Garcia,diana.garcia@example.com,2025-01-02,France
660,Jack Davis,jack.davis@example.com,2025-08-18,Germany
661,Bob Williams,bob.williams@example.com,2024-01-26,Spain
662,Hugo Jones,hugo.jones@example.com,2025-05-26,Portugal
663,Frank Brown,frank.brown@example.com,2023-11-18,Italy
664,Bob Brown,bob.brown@example.com,2025-03-07,Portugal
665,Diana Jones,diana.jones@example.com,2025-08-17,Spain
666,Bob Jones,bob.jones@example.com,2023-04-29,Germany
667,Frank Garcia,frank.garcia@example.com,2025-07-06,UK
668,Jack Johnson,jack.johnson@example.com,2023-05-18,Italy
669,Grace Jones,grace.jones@example.com,2023-06-12,Italy
670,Frank Garcia,frank.garcia@example.com,2023-04-27,Spain
671,Charlie Smith,charlie.smith@example.com,2025-09-08,UK
672,Hugo Johnson,hugo.johnson@example.com,2024-09-15,France
673,Hugo Miller,hugo.miller@example.com,2023-05-23,Spain
674,Ivy Johnson,ivy.johnson@example.com,2023-12-21,Spain
675,Jack Miller,jack.miller@example.com,2023-04-17,Italy
676,Charlie Johnson,charlie.johnson@example.com,2024-03-17,Germany
677,Bob Miller,bob.miller@example.com,2025-02-07,Germany
678,Jack Jones,jack.jones@example.com,2025-10-12,Spain
679,Diana Jones,diana.jones@example.com,2025-01-15,France
680,Jack Williams,jack.williams@example.com,2023-03-06,Germany
681,Ivy Johnson,ivy.johnson@example.com,2023-09-16,Germany
682,Bob Smith,bob.smith@example.com,2025-08-14,Germany
683,Grace Smith,grace.smith@example.com,2024-09-04,Portugal
684,Alice Brown,alice.brown@example.com,2024-09-08,France
685,Jack Smith,jack.smith@example.com,2024-03-21,UK
686,Hugo Johnson,hugo.johnson@example.com,2025-09-20,UK
687,Bob Jones,bob.jones@example.com,2024-12-03,Spain
688,Frank Brown,frank.brown@example.com,2023-11-06,Portugal
689,Jack Williams,jack.williams@example.com,2023-09-14,Germany
690,Ivy Davis,ivy.davis@example.com,2023-11-02,France
691,Grace Johnson,grace.johnson@example.com,2025-08-02,UK
692,Grace Miller,grace.miller@example.com,2025-06-02,Portugal
693,Charlie Miller,charlie.miller@example.com,2023-08-08,UK
694,Alice Johnson,alice.johnson@example.com,2023-07-11,Italy
695,Ivy Garcia,ivy.garcia@example.com,2024-06-07,Germany
696,Ivy Smith,ivy.smith@example.com,2025-07-06,France
697,Grace Miller,grace.miller@example.com,2024-09-05,Germany
698,Frank Garcia,frank.garcia@example.com,2023-03-26,UK
699,Charlie Johnson,charlie.johnson@example.com,2025-03-11,Italy
700,Hugo Miller,hugo.miller@example.com,2024-05-19,France
701,Diana Jones,diana.jones@example.com,2025-01-27,Italy
702,Jack Davis,jack.davis@example.com,2025-01-08,Portugal
703,Frank Johnson,frank.johnson@example.com,2024-03-28,Germany
704,Jack Brown,jack.brown@example.com,2023-05-16,France
705,Alice Garcia,alice.garcia@example.com,2023-11-14,Portugal
706,Frank Brown,frank.brown@example.com,2024-07-25,Portugal
707,Eve Williams,eve.williams@example.com,2023-12-04,France
708,Hugo Garcia,hugo.garcia@example.com,2023-12-03,France
709,Bob Williams,bob.williams@example.com,2025-10-13,UK
710,Hugo Williams,hugo.williams@example.com,2023-05-09,UK
711,Jack Garcia,jack.garcia@example.com,2024-12-05,UK
712,Jack Brown,jack.brown@example.com,2025-06-05,Spain
713,Eve Johnson,eve.johnson@example.com,2024-02-24,Germany
714,Frank Williams,frank.williams@example.com,2024-09-30,France
715,Eve Smith,eve.smith@example.com,2024-12-07,France
716,Grace Smith,grace.smith@example.com,2024-06-13,Spain
717,Hugo Jones,hugo.jones@example.com,2024-02-16,UK
718,Grace Davis,grace.davis@example.com,2024-01-29,Germany
719,Hugo Jones,hugo.jones@example.com,2023-08-01,Italy
720,Eve Williams,eve.williams@example.com,2023-03-04,Italy
721,Diana Williams,diana.williams@example.com,2023-12-16,Portugal
722,Ivy Johnson,ivy.johnson@example.com,2025-03-03,UK
723,Charlie Jones,charlie.jones@example.com,2025-08-22,Italy
724,Hugo Miller,hugo.miller@example.com,2023-07-05,UK
725,Hugo Williams,hugo.williams@example.com,2025-06-05,France
726,Bob Williams,bob.williams@example.com,2025-07-28,Italy
727,Eve Williams,eve.williams@example.com,2025-06-17,Germany
728,Ivy Williams,ivy.williams@example.com,2025-10-19,Italy
729,Jack Garcia,jack.garcia@example.com,2024-04-29,Spain
730,Ivy Brown,ivy.brown@example.com,2025-08-12,Portugal
731,Hugo Davis,hugo.davis@example.com,2023-07-12,Portugal
732,Grace Johnson,grace.johnson@example.com,2024-04-15,Germany
733,Charlie Garcia,charlie.garcia@example.com,2025-03-11,France
734,Ivy Smith,ivy.smith@example.com,2023-10-09,France
735,Ivy Jones,ivy.jones@example.com,2024-11-09,Italy
736,Alice Miller,alice.miller@example.com,2025-05-20,Portugal
737,Grace Smith,grace.smith@example.com,2024-07-31,Portugal
738,Diana Davis,diana.davis@example.com,2023-09-01,UK
739,Alice Williams,alice.williams@example.com,2024-04-14,Germany
740,Eve Miller,eve.miller@example.com,2024-12-16,Portugal
741,Alice Jones,alice.jones@example.com,2023-04-05,Portugal
742,Jack Miller,jack.miller@example.com,2024-04-29,France
743,Diana Jones,diana.jones@example.com,2025-09-10,Portugal
744,Charlie Williams,charlie.williams@example.com,2024-09-08,Germany
745,Charlie Brown,charlie.brown@example.com,2024-10-13,Italy
746,Jack Williams,jack.williams@example.com,2024-12-15,Italy
747,Bob Davis,bob.davis@example.com,2023-05-30,UK
748,Alice Smith,alice.smith@example.com,2024-04-20,Portugal
749,Bob Davis,bob.davis@example.com,2023-12-14,UK
750,Bob Jones,bob.jones@example.com,2023-03-18,Portugal
751,Eve Miller,eve.miller@example.com,2023-04-09,Spain
752,Ivy Miller,ivy.miller@example.com,2025-08-14,Italy
753,Charlie Brown,charlie.brown@example.com,2025-05-11,UK
754,Grace Brown,grace.brown@example.com,2023-06-05,UK
755,Charlie Brown,charlie.brown@example.com,2023-07-23,Spain
756,Ivy Miller,ivy.miller@example.com,2023-12-22,Germany
757,Grace Miller,grace.miller@example.com,2024-08-01,Germany
758,Bob Johnson,bob.johnson@example.com,2023-12-19,UK
759,Grace Brown,grace.brown@example.com,2024-06-11,Portugal
760,Grace Miller,grace.miller@example.com,2023-07-29,Germany
761,Eve Smith,eve.smith@example.com,2025-08-07,France
762,Bob Brown,bob.brown@example.com,2025-03-01,Germany
763,Bob Johnson,bob.johnson@example.com,2025-03-04,France
764,Hugo Johnson,hugo.johnson@example.com,2025-09-01,Italy
765,Frank Garcia,frank.garcia@example.com,2023-10-31,UK
766,Diana Garcia,diana.garcia@example.com,2024-08-13,Portugal
767,Eve Smith,eve.smith@example.com,2023-10-22,Portugal
768,Charlie Miller,charlie.miller@example.com,2025-01-22,Italy
769,Bob Jones,bob.jones@example.com,2024-05-15,Germany
770,Alice Garcia,alice.garcia@example.com,2023-06-26,France
771,Hugo Brown,hugo.brown@example.com,2023-12-22,Portugal
772,Diana Smith,diana.smith@example.com,2024-07-30,France
773,Jack Johnson,jack.johnson@example.com,2024-07-30,Germany
774,Hugo Jones,hugo.jones@example.com,2025-09-14,France
775,Bob Brown,bob.brown@example.com,2025-07-31,France
776,Diana Brown,diana.brown@example.com,2025-09-22,Italy
777,Eve Smith,eve.smith@example.com,2023-09-18,UK
778,Alice Johnson,alice.johnson@example.com,2023-08-23,Portugal
779,Jack Davis,jack.davis@example.com,2025-04-01,Italy
780,Charlie Johnson,charlie.johnson@example.com,2025-10-23,France
781,Diana Johnson,diana.johnson@example.com,2025-09-28,UK
782,Hugo Garcia,hugo.garcia@example.com,2025-02-21,Italy
783,Hugo Smith,hugo.smith@example.com,2023-04-28,France
784,Alice Davis,alice.davis@example.com,2023-12-09,Spain
785,Charlie Davis,charlie.davis@example.com,2024-12-20,France
786,Grace Garcia,grace.garcia@example.com,2025-08-12,Portugal
787,Eve Brown,eve.brown@example.com,2023-10-28,Germany
788,Frank Williams,frank.williams@example.com,2025-10-08,Germany
789,Charlie Miller,charlie.miller@example.com,2023-05-31,Germany
790,Diana Miller,diana.miller@example.com,2024-03-25,France
791,Diana Brown,diana.brown@example.com,2025-05-15,France
792,Diana Johnson,diana.johnson@example.com,2023-03-01,Portugal
793,Diana Jones,diana.jones@example.com,2025-10-01,Portugal
794,Alice Williams,alice.williams@example.com,2025-09-02,Portugal
795,Ivy Williams,ivy.williams@example.com,2023-11-17,Germany
796,Hugo Williams,hugo.williams@example.com,2024-02-19,France
797,Jack Davis,jack.davis@example.com,2023-03-30,France
798,Charlie Miller,charlie.miller@example.com,2023-08-20,Spain
799,Grace Williams,grace.williams@example.com,2023-10-21,Italy
800,Charlie Brown,charlie.brown@example.com,2024-12-20,Spain
801,Ivy Williams,ivy.williams@example.com,2024-08-02,UK
802,Jack Garcia,jack.garcia@example.com,2025-07-24,Portugal
803,Grace Miller,grace.miller@example.com,2024-04-27,Italy
804,Charlie Garcia,charlie.garcia@example.com,2023-07-11,Germany
805,Alice Smith,alice.smith@example.com,2025-08-08,Italy
806,Eve Garcia,eve.garcia@example.com,2023-03-31,UK
807,Bob Smith,bob.smith@example.com,2024-08-19,Italy
808,Frank Davis,frank.davis@example.com,2024-09-23,France
809,Eve Davis,eve.davis@example.com,2025-08-10,Spain
810,Grace Jones,grace.jones@example.com,2024-08-22,UK
811,Jack Garcia,jack.garcia@example.com,2023-05-15,Italy
812,Bob Jones,bob.jones@example.com,2025-06-25,France
813,Jack Garcia,jack.garcia@example.com,2023-02-23,France
814,Diana Brown,diana.brown@example.com,2023-08-08,Spain
815,Diana Miller,diana.miller@example.com,2023-12-20,Portugal
816,Bob Davis,bob.davis@example.com,2024-04-13,France
817,Charlie Williams,charlie.williams@example.com,2023-07-27,UK
818,Charlie Brown,charlie.brown@example.com,2025-03-13,Spain
819,Frank Smith,frank.smith@example.com,2023-10-21,Germany
820,Frank Garcia,frank.garcia@example.com,2025-05-01,France
821,Hugo Jones,hugo.jones@example.com,2025-07-02,UK
822,Frank Johnson,frank.johnson@example.com,2024-07-12,France
823,Grace Johnson,grace.johnson@example.com,2024-08-26,Germany
824,Alice Davis,alice.davis@example.com,2023-12-29,Germany
825,Hugo Smith,hugo.smith@example.com,2024-03-16,Spain
826,Frank Miller,frank.miller@example.com,2024-05-21,Italy
827,Eve Johnson,eve.johnson@example.com,2023-07-31,Germany
828,Grace Garcia,grace.garcia@example.com,2024-02-22,Germany
829,Charlie Davis,charlie.davis@example.com,2023-11-27,France
830,Diana Jones,diana.jones@example.com,2023-07-04,Portugal
831,Ivy Brown,ivy.brown@example.com,2023-08-04,Spain
832,Eve Jones,eve.jones@example.com,2025-09-10,Spain
833,Charlie Jones,charlie.jones@example.com,2023-04-30,Portugal
834,Frank Smith,frank.smith@example.com,2023-05-07,Germany
835,Diana Garcia,diana.garcia@example.com,2024-10-03,Portugal
836,Diana Miller,diana.miller@example.com,2024-01-23,UK
837,Frank Brown,frank.brown@example.com,2023-02-20,Portugal
838,Ivy Davis,ivy.davis@example.com,2025-09-17,France
839,Eve Garcia,eve.garcia@example.com,2025-01-07,Spain
840,Alice Brown,alice.brown@example.com,2023-09-02,Spain
841,Bob Brown,bob.brown@example.com,2024-01-28,Portugal
842,Diana Garcia,diana.garcia@example.com,2025-01-16,Spain
843,Hugo Davis,hugo.davis@example.com,2025-01-10,Italy
844,Charlie Davis,charlie.davis@example.com,2023-05-10,Portugal
845,Grace Brown,grace.brown@example.com,2025-05-02,Portugal
846,Jack Garcia,jack.garcia@example.com,2025-03-21,France
847,Bob Brown,bob.brown@example.com,2025-05-24,Spain
848,Charlie Johnson,charlie.johnson@example.com,2025-08-16,Spain
849,Bob Miller,bob.miller@example.com,2025-02-06,Spain
850,Ivy Davis,ivy.davis@example.com,2023-06-15,UK
851,Charlie Smith,charlie.smith@example.com,2024-12-30,Germany
852,Jack Jones,jack.jones@example.com,2024-01-26,Italy
853,Diana Williams,diana.williams@example.com,2024-11-18,Spain
854,Eve Williams,eve.williams@example.com,2025-09-08,Germany
855,Eve Davis,eve.davis@example.com,2025-02-27,Italy
856,Bob Smith,bob.smith@example.com,2025-01-24,France
857,Grace Johnson,grace.johnson@example.com,2023-07-26,Spain
858,Frank Jones,frank.jones@example.com,2023-10-26,Spain
859,Alice Brown,alice.brown@example.com,2023-08-20,France
860,Jack Johnson,jack.johnson@example.com,2023-09-22,Spain
861,Diana Garcia,diana.garcia@example.com,2023-02-03,Germany
862,Grace Williams,grace.williams@example.com,2024-09-20,France
863,Ivy Miller,ivy.miller@example.com,2023-12-03,Germany
864,Charlie Brown,charlie.brown@example.com,2023-03-06,Germany
865,Alice Johnson,alice.johnson@example.com,2025-09-02,Portugal
866,Alice Jones,alice.jones@example.com,2024-10-06,Italy
867,Grace Johnson,grace.johnson@example.com,2023-12-13,Italy
868,Eve Johnson,eve.johnson@example.com,2025-01-31,Italy
869,Charlie Garcia,charlie.garcia@example.com,2025-09-12,UK
870,Hugo Davis,hugo.davis@example.com,2023-05-25,Italy
871,Ivy Williams,ivy.williams@example.com,2023-11-06,Germany
872,Frank Johnson,frank.johnson@example.com,2025-09-13,Italy
873,Alice Jones,alice.jones@example.com,2024-08-12,Portugal
874,Charlie Williams,charlie.williams@example.com,2024-07-22,Portugal
875,Grace Smith,grace.smith@example.com,2024-08-31,Germany
876,Bob Miller,bob.miller@example.com,2025-05-29,UK
877,Alice Davis,alice.davis@example.com,2024-06-05,Germany
878,Hugo Miller,hugo.miller@example.com,2025-03-22,France
879,Ivy Jones,ivy.jones@example.com,2023-11-03,Germany
880,Hugo Williams,hugo.williams@example.com,2024-07-10,Italy
881,Hugo Miller,hugo.miller@example.com,2023-04-21,UK
882,Diana Jones,diana.jones@example.com,2025-08-14,UK
883,Frank Smith,frank.smith@example.com,2025-06-24,Spain
884,Hugo Smith,hugo.smith@example.com,2025-03-03,UK
885,Charlie Brown,charlie.brown@example.com,2023-03-06,Spain
886,Alice Smith,alice.smith@example.com,2025-01-25,Spain
887,Frank Brown,frank.brown@example.com,2025-07-21,Germany
888,Diana Garcia,diana.garcia@example.com,2025-05-22,Italy
889,Eve Miller,eve.miller@example.com,2023-12-07,Portugal
890,Alice Miller,alice.miller@example.com,2024-10-02,Spain
891,Alice Garcia,alice.garcia@example.com,2025-02-05,UK
892,Ivy Williams,ivy.williams@example.com,2025-07-31,Spain
893,Alice Johnson,alice.johnson@example.com,2024-09-01,UK
894,Jack Smith,jack.smith@example.com,2023-09-16,France
895,Diana Brown,diana.brown@example.com,2024-03-08,Italy
896,Alice Davis,alice.davis@example.com,2024-08-12,France
897,Hugo Smith,hugo.smith@example.com,2023-05-12,Spain
898,Charlie Davis,charlie.davis@example.com,2023-05-13,Italy
899,Alice Miller,alice.miller@example.com,2024-06-04,UK
900,Grace Jones,grace.jones@example.com,2024-01-04,Portugal
901,Alice Davis,alice.davis@example.com,2024-04-24,Germany
902,Frank Smith,frank.smith@example.com,2023-07-17,Italy
903,Bob Brown,bob.brown@example.com,2024-03-07,Germany
904,Jack Miller,jack.miller@example.com,2024-04-27,Spain
905,Eve Johnson,eve.johnson@example.com,2024-03-08,Spain
906,Hugo Smith,hugo.smith@example.com,2025-08-22,Germany
907,Eve Brown,eve.brown@example.com,2023-03-18,Spain
908,Grace Johnson,grace.johnson@example.com,2024-06-08,UK
909,Bob Johnson,bob.johnson@example.com,2023-05-10,UK
910,Grace Brown,grace.brown@example.com,2024-06-29,UK
911,Jack Garcia,jack.garcia@example.com,2024-05-13,Germany
912,Bob Brown,bob.brown@example.com,2025-10-03,UK
913,Charlie Williams,charlie.williams@example.com,2024-12-18,France
914,Frank Smith,frank.smith@example.com,2023-07-18,Portugal
915,Eve Garcia,eve.garcia@example.com,2024-07-28,Portugal
916,Frank Brown,frank.brown@example.com,2025-07-07,Italy
917,Ivy Jones,ivy.jones@example.com,2023-10-31,Spain
918,Hugo Johnson,hugo.johnson@example.com,2024-07-06,Spain
919,Bob Jones,bob.jones@example.com,2025-04-05,Italy
920,Alice Williams,alice.williams@example.com,2024-05-26,Italy
921,Bob Jones,bob.jones@example.com,2023-12-18,Portugal
922,Frank Jones,frank.jones@example.com,2024-05-06,Spain
923,Hugo Johnson,hugo.johnson@example.com,2024-05-06,Spain
924,Alice Johnson,alice.johnson@example.com,2024-03-15,France
925,Jack Johnson,jack.johnson@example.com,2025-01-31,Germany
926,Eve Brown,eve.brown@example.com,2023-03-22,France
927,Frank Brown,frank.brown@example.com,2023-08-06,Spain
928,Ivy Davis,ivy.davis@example.com,2025-02-11,Germany
929,Frank Johnson,frank.johnson@example.com,2024-06-12,Germany
930,Charlie Brown,charlie.brown@example.com,2024-01-20,UK
931,Ivy Brown,ivy.brown@example.com,2025-05-16,UK
932,Eve Miller,eve.miller@example.com,2023-07-19,Portugal
933,Charlie Williams,charlie.williams@example.com,2023-04-21,Spain
934,Bob Brown,bob.brown@example.com,2025-02-02,UK
935,Eve Miller,eve.miller@example.com,2023-10-06,Germany
936,Jack Miller,jack.miller@example.com,2023-05-21,Italy
937,Frank Garcia,frank.garcia@example.com,2023-10-11,Spain
938,Hugo Garcia,hugo.garcia@example.com,2023-11-19,Spain
939,Eve Garcia,eve.garcia@example.com,2025-05-21,UK
940,Bob Johnson,bob.johnson@example.com,2024-10-14,Spain
941,Jack Williams,jack.williams@example.com,2024-01-21,Italy
942,Hugo Johnson,hugo.johnson@example.com,2024-02-24,Italy
943,Alice Williams,alice.williams@example.com,2024-12-23,Italy
944,Charlie Garcia,charlie.garcia@example.com,2023-04-17,Spain
945,Ivy Johnson,ivy.johnson@example.com,2023-03-15,France
946,Grace Smith,grace.smith@example.com,2025-10-12,Germany
947,Charlie Williams,charlie.williams@example.com,2025-01-25,Portugal
948,Bob Smith,bob.smith@example.com,2023-07-28,Germany
949,Ivy Garcia,ivy.garcia@example.com,2023-11-26,France
950,Bob Brown,bob.brown@example.com,2024-07-25,Germany
951,Ivy Williams,ivy.williams@example.com,2025-10-03,UK
952,Diana Miller,diana.miller@example.com,2025-09-28,Portugal
953,Hugo Garcia,hugo.garcia@example.com,2024-03-14,Spain
954,Alice Davis,alice.davis@example.com,2025-02-14,Germany
955,Charlie Brown,charlie.brown@example.com,2023-12-23,Germany
956,Diana Smith,diana.smith@example.com,2024-01-07,UK
957,Hugo Williams,hugo.williams@example.com,2025-02-11,Spain
958,Charlie Williams,charlie.williams@example.com,2023-09-22,Portugal
959,Diana Jones,diana.jones@example.com,2024-12-14,Portugal
960,Bob Jones,bob.jones@example.com,2023-03-19,Portugal
961,Frank Garcia,frank.garcia@example.com,2023-09-26,Germany
962,Bob Williams,bob.williams@example.com,2023-05-13,Italy
963,Hugo Johnson,hugo.johnson@example.com,2024-10-13,UK
964,Eve Johnson,eve.johnson@example.com,2024-12-10,France
965,Alice Smith,alice.smith@example.com,2025-04-25,Italy
966,Diana Davis,diana.davis@example.com,2025-02-03,Portugal
967,Alice Jones,alice.jones@example.com,2024-04-12,Portugal
968,Charlie Williams,charlie.williams@example.com,2024-12-17,Germany
969,Jack Davis,jack.davis@example.com,2024-09-15,Spain
970,Hugo Williams,hugo.williams@example.com,2024-04-21,UK
971,Alice Jones,alice.jones@example.com,2024-11-16,Germany
972,Charlie Jones,charlie.jones@example.com,2025-04-22,France
973,Jack Williams,jack.williams@example.com,2024-03-04,UK
974,Eve Brown,eve.brown@example.com,2025-02-25,Italy
975,Charlie Garcia,charlie.garcia@example.com,2024-11-26,Italy
976,Ivy Johnson,ivy.johnson@example.com,2025-04-26,Portugal
977,Bob Brown,bob.brown@example.com,2023-04-22,Italy
978,Frank Jones,frank.jones@example.com,2025-09-04,Italy
979,Frank Smith,frank.smith@example.com,2023-03-12,Germany
980,Ivy Williams,ivy.williams@example.com,2023-10-03,UK
981,Jack Garcia,jack.garcia@example.com,2025-03-24,Italy
982,Eve Garcia,eve.garcia@example.com,2023-08-28,Spain
983,Bob Jones,bob.jones@example.com,2025-07-23,France
984,Alice Johnson,alice.johnson@example.com,2025-06-12,Germany
985,Eve Williams,eve.williams@example.com,2025-10-20,UK
986,Charlie Brown,charlie.brown@example.com,2023-06-25,UK
987,Hugo Johnson,hugo.johnson@example.com,2023-05-31,Portugal
988,Grace Garcia,grace.garcia@example.com,2023-12-03,Portugal
989,Diana Davis,diana.davis@example.com,2024-08-19,Italy
990,Frank Johnson,frank.johnson@example.com,2023-10-17,France
991,Charlie Williams,charlie.williams@example.com,2025-09-17,UK
992,Grace Smith,grace.smith@example.com,2023-09-14,Italy
993,Diana Johnson,diana.johnson@example.com,2025-10-09,Portugal
994,Eve Johnson,eve.johnson@example.com,2023-10-03,Portugal
995,Hugo Garcia,hugo.garcia@example.com,2023-11-22,Germany
996,Charlie Jones,charlie.jones@example.com,2024-04-21,Italy
997,Hugo Jones,hugo.jones@example.com,2025-10-16,UK
998,Grace Garcia,grace.garcia@example.com,2023-12-18,Italy
999,Hugo Garcia,hugo.garcia@example.com,2023-05-17,Portugal
1000,Ivy Brown,ivy.brown@example.com,2025-04-19,Italy
